classification,x_ratio,y_ratio,oii_3729_flux,h_beta_flux,oiii_5007_flux
AGN,1.0489817669897188,-0.10441973654026335,61.56016,21.56417,19.42602
SBG,0.11909323129598078,0.09717241188666664,39.60972,35.16254,38.75089
AGN,1.7287056899154412,0.8130217486982572,91.3547,16.21674,36.56406
SBG,0.10101676598251888,-0.3938234663907499,51.25428,46.32966,31.24811
AGN,0.07917188411231912,2.4017331292154216,594.9246,549.6396,6069.284
SBG,-0.593074132851494,-0.48882395590193284,3.895208,7.048545,4.323206
SBG,0.05967040642006079,-0.21125753125184013,16.62615,15.66308,12.68029
AGN,1.455727661108723,0.6571600294998122,66.38829,15.48378,29.87294
SBG,0.7127482450258117,0.058230257609887315,25.71842,12.60961,13.36567
AGN,0.8411520499004085,0.6182046854956424,41.2194,17.77436,32.98199
SBG,0.030909263929197465,-0.20170833258068094,46.41539,45.00267,36.78218
AGN,0.790613158536851,0.8394261532147014,32.24554,14.6255,33.85859
SBG,-0.09410986121744971,-1.106815796773653,54.02641,59.35776,19.62427
SBG,0.37437243415239396,-0.3834134346453594,12.43185,8.549641,5.826846
SBG,-0.3837544189296006,-0.40836798340890024,26.71685,39.21459,26.06728
SBG,-0.2338244411954971,-0.25963123563499046,66.76821,84.35647,65.06718
SBG,0.1570182965638426,-0.6502186800173291,49.36193,42.18907,22.01981
SBG,-0.45929261346656547,-1.8078127500669467,7.889889,12.48933,2.048406
SBG,0.5933236319563008,-0.3002554419985851,26.63906,14.71776,10.9004
AGN,1.2915968338959796,1.5664458408242128,38.08307,10.46643,50.12996
SBG,0.43124440878605796,-0.11175879958793532,43.66607,28.36985,25.37002
SBG,0.09558984490822202,-0.6503986600763947,10.88132,9.889343,5.160632
SBG,-0.57615070523515,0.10981519155681797,16.43617,29.24285,32.63712
AGN,1.1996423871744222,2.052834336482254,92.3697,27.83117,216.8034
SBG,0.26479028339080907,-0.26009809897579567,70.91062,54.41446,41.95224
SBG,-0.6956184625296129,-0.5817015959556174,5.661312,11.35064,6.3444
AGN,0.34464732058847514,1.92923485604957,23.08371,16.35412,112.5857
SBG,0.6010107559770141,-0.9369764078353772,15.6352,8.572111,3.358645
SBG,-0.15231424402611535,-0.3153703781287204,19.92875,23.20755,16.93034
SBG,0.481015159418353,-0.4627118716054379,33.62796,20.78731,13.08715
SBG,0.12447106522447848,0.3318095808295334,15.92815,14.06398,19.59798
SBG,0.30622856391210257,0.3714361333113172,1750.876,1289.027,1868.851
AGN,0.2638394380589269,0.7318709834622608,30.20787,23.20257,48.23737
AGN,0.7755817030699739,0.8281713317057158,55.67214,25.63345,58.67827
SBG,1.3619200963852516,-0.037399087579946685,79.40424,20.34086,19.59418
SBG,0.39591268222339776,-0.35727529968610455,54.59203,36.74401,25.70537
AGN,0.33671333619560034,0.7332142860092022,22.11801,15.79477,32.88094
SBG,-0.15213000915885663,-0.28728575015986063,15.2607,17.76821,13.33144
SBG,-0.28176425969525404,-0.2675254964753672,60.59781,80.32035,61.46682
SBG,-0.4284478005171408,0.14716444957809324,10.07764,15.4679,17.92025
SBG,-0.10295632462896322,0.05707981659705286,22.79179,25.2634,26.74738
SBG,0.5379006960712726,-0.612314530340676,36.83075,21.50816,11.65946
SBG,0.05717665678000479,-0.0871296081975614,12.99467,12.27252,11.24848
SBG,0.808444245924331,-0.5646088419382044,44.73069,19.92979,11.33173
SBG,-1.289102231443188,0.36293864718566143,8.498122,30.84416,44.33995
SBG,0.05707732292087441,-0.5978527478080033,38.99604,36.83258,20.2576
AGN,0.8705335734023695,0.1459687978306547,63.58136,26.6233,30.80742
SBG,0.22170127340573112,0.011074411756012719,30.89235,24.74955,25.02516
SBG,-0.3071625055421318,-0.9959533416888464,10.59634,14.40638,5.321301
SBG,0.3892737336853397,0.03701089963940538,45.69702,30.96196,32.12936
SBG,0.08331139980080922,-0.3739498493748927,7.92635,7.292754,5.017498
AGN,1.211707938446809,0.8610794527665524,67.18021,19.99877,47.31135
SBG,0.2794008245134223,-0.08027179380214015,14.74492,11.15065,10.29055
SBG,-0.6008230980960811,-1.2329627229229232,27.71872,50.54839,14.73121
SBG,0.7717950372854105,-0.2927710785605699,41.78893,19.31412,14.41206
SBG,-0.1808560293979467,-0.9200099986053628,27.20923,32.60326,12.99289
SBG,0.6156652144459425,-0.2731843518110272,31.18923,16.85096,12.82278
SBG,0.09935533064496233,-0.14606866952341302,72.00927,65.1987,56.33809
SBG,0.9044173948316443,-0.37203064776736605,49.48843,20.03181,13.80859
SBG,-0.47713298302016593,-1.0562362434224062,72.51467,116.8536,40.63727
SBG,0.3954039085144223,0.031820814489381205,47.16582,31.76184,32.78878
SBG,-0.21936991762264935,0.5469754808566017,33.61934,41.86589,72.34504
SBG,-0.2058835286192404,-0.6571352678997384,26.93175,33.08862,17.15096
SBG,0.49198959641531015,-0.0565285313818454,29.90062,18.2815,17.27674
SBG,-0.6651304306480504,-0.20508653515930844,8.355171,16.24867,13.23579
AGN,0.4560507653833215,0.04606102284768691,20.13329,12.76011,13.3616
SBG,-0.8499770647171812,0.1604048518173419,8.243104,19.28551,22.64092
SBG,0.514382732902331,0.23021327004025086,50.09777,29.95193,37.70554
SBG,-1.5126870578209433,0.12180761632052425,3.353483,15.22116,17.19286
SBG,-0.6754094378459549,-0.7924920676167897,9.297065,18.26722,8.269848
SBG,-0.3986777962277529,-0.05401751201485078,18.45317,27.49252,26.04684
SBG,0.6009836857528403,-0.2752469406531079,23.77577,13.03559,9.899026
SBG,-0.1253524346565861,-0.17431118137966964,19.39866,21.98931,18.4718
SBG,-0.3780461925895957,-1.1588141824680218,11.0139,16.07402,5.044962
SBG,-0.16610454275555364,-0.6479450690891723,32.01362,37.79837,19.77307
SBG,-0.18365080105771608,-0.47405778253018716,19.90911,23.92271,14.8912
SBG,-0.048048632850155516,0.05122925436503382,10.78285,11.3136,11.90829
AGN,0.9493744993391973,0.05709137250721092,49.76725,19.25908,20.3906
AGN,0.5269232181986796,0.8153809081313391,96.37612,56.90227,128.6012
AGN,0.4601579563826067,0.4451033821180838,25.53571,16.11773,25.15416
SBG,-0.22547420816703478,-0.18784444801645922,66.32796,83.10341,68.87142
AGN,0.6816874697530387,0.9757153224700106,126.0808,63.76698,169.1779
SBG,-0.47231848368712565,-0.8239190980208255,26.21103,42.03484,18.44106
AGN,0.8491747797158972,0.8030136342025008,87.50369,37.43126,83.55623
SBG,0.10230637489260702,-0.5229587874727001,24.71005,22.30707,13.22283
SBG,-0.13082254926883577,-0.40649252872335745,236.7959,269.8918,179.7431
SBG,-1.4456292917724753,-0.8904989880317784,4.029325,17.10256,7.019761
AGN,1.3119868419900982,2.0608087789202716,51.51871,13.87319,108.9367
SBG,-1.205967996655227,-0.6253928319247788,52.88446,176.6336,94.50802
SBG,-0.2169670221196785,-0.4578725239554273,14.172,17.60592,11.138
SBG,0.2364184779408243,0.18339890797823874,12.99688,10.26039,12.32574
SBG,0.36317305212686773,-0.4571760034419616,68.68811,47.77025,30.24186
SBG,0.3383248121749694,-0.17775202757240421,18.43899,13.14633,11.00545
SBG,0.27083433762862097,-0.1287456125199104,24.02368,18.32389,16.11032
SBG,0.1726985474386146,0.1754240605630356,24.72858,20.80641,24.79607
AGN,-0.24835032383719205,1.0515395127447975,7.925836,10.1602,29.07904
SBG,1.2380420583892044,0.3585375924148553,33.98752,9.854728,14.10443
SBG,-0.15375195232034844,0.04181103107933866,43.66186,50.91853,53.09262
SBG,-0.15814646532012722,-0.4304318032217901,10.51899,12.32129,8.011651
SBG,0.11769605278065408,-0.21056674347477938,21.89991,19.46828,15.77174
AGN,-0.5475752504376484,0.09478395731001442,15.13505,26.16934,28.77113
SBG,-0.48055000798816344,-0.4568421661425197,14.77089,23.88399,15.12526
SBG,-0.22670928558259998,-0.0797207656171684,50.28304,63.07832,58.24489
SBG,0.026469840061879753,-0.2820020646640732,15.59838,15.19091,11.45808
SBG,-2.3036061159368875,-0.27765529383535986,1.555488,15.57077,11.79576
SBG,0.2628871886061988,0.20612620028733658,61.07071,46.95291,57.70082
AGN,0.8057549663085464,0.7734857197930416,48.13859,21.50594,46.60999
SBG,-0.11703237647693183,-0.23569307459818373,34.17391,38.4168,30.35016
AGN,0.01206805614779064,0.21920723339020853,45.22685,44.68433,55.63598
AGN,1.155353603967641,0.8018749123204275,67.03746,21.11319,47.07645
SBG,0.09141617355193556,-1.0380436886809918,8.998493,8.212365,2.908383
AGN,-0.3334958183177557,2.089402955490712,32.72359,45.67687,369.0732
SBG,-1.0369143960511644,-0.5832133190418288,11.12288,31.37209,17.50883
SBG,-1.338559212011603,-2.1894973336973624,5.37422,20.49483,2.294868
SBG,0.6219757687373602,-0.7303197903615248,24.03028,12.90144,6.215332
SBG,-0.3394550139725387,0.18628283133714385,17.50164,24.57549,29.60764
SBG,0.011010241728174207,-0.11839479850618946,16.32351,16.14477,14.34213
AGN,-0.06040663745669373,1.3792555635790222,39.32443,41.7731,165.9204
AGN,-0.3181980010644895,0.28934858585087914,123.5836,169.884,226.8898
SBG,0.31943862021632285,0.007363970773527496,38.52076,27.98752,28.19438
SBG,-0.5633862418031913,-0.6545890654663152,40.53474,71.20376,37.00143
AGN,1.0357770148701013,0.5881047713392319,61.29658,21.75725,39.17551
SBG,-0.6390498029407858,-0.27260274555243297,33.93477,64.29552,48.9543
SBG,0.9429328910227345,-0.5875903527052954,43.27304,16.85415,9.365255
SBG,0.2705095830512686,-0.429691975037005,33.01063,25.1868,16.38929
AGN,1.3496889452188747,0.6299922219216129,64.79034,16.80149,31.54641
SBG,-0.24942956046095188,-0.5224137329583967,34.68467,44.5106,26.39867
SBG,-0.8250794944505312,-0.37578250364435495,11.98757,27.35638,18.78704
AGN,-0.8781542015004701,1.1393003158391481,9.193316,22.12329,69.12602
SBG,-0.570315270545625,-1.1239362019501602,14.03242,24.82089,8.06674
SBG,-0.6479714542628956,-1.2457331017922306,7.952548,15.20256,4.374231
SBG,0.3135755618247789,0.4749129492236438,18.35678,13.41567,21.57071
SBG,-0.2448537737151725,-0.7518388045628804,31.69977,40.49438,19.09305
AGN,0.885704954737407,0.4248734447164319,28.7926,11.87474,18.16119
AGN,0.9062796713289653,1.7656700478067433,34.85719,14.08316,82.32294
AGN,0.7616106036260001,0.7793448879591522,31.25337,14.59263,31.81257
SBG,-1.1159877012884327,-0.04487397526742099,3.655224,11.15787,10.66824
SBG,-0.6265374362304739,-0.9584864959117289,47.33731,88.57381,33.96565
AGN,0.21446190527308295,1.1389247116166679,11.45687,9.245414,28.8772
AGN,0.3330388674888484,0.4068196723197413,106.4505,76.29758,114.6015
AGN,0.4403768329606838,0.1100399501118055,28.38673,18.2752,20.40102
SBG,-0.06499992136862608,-0.4773655446085238,168.5241,179.842,111.5768
SBG,-0.6964712639560231,-0.26360392360108337,11.69655,23.47099,18.03224
SBG,0.1313416975768864,-0.7002259737801598,10.70405,9.386575,4.660182
SBG,0.5777152974965015,0.35599149431341043,33.64053,18.87836,26.95066
AGN,0.8898486550710135,0.19560004707513107,62.16269,25.53133,31.04713
SBG,0.28724268021632815,-0.3678622215797081,77.12749,57.87104,40.05906
SBG,0.77312384430262,0.01652898463580715,34.69798,16.01551,16.28243
AGN,0.9137546173642168,0.9287754786200011,52.08454,20.88672,52.8728
SBG,0.24698161833809856,-0.4148368935532645,14.73509,11.51039,7.602014
SBG,0.29869804308476056,0.22578550648918058,14.80776,10.98415,13.76651
SBG,-1.0304530416419255,-1.0531406792853457,40.18463,112.6108,39.2832
SBG,0.3390084324822663,-0.15444511588305662,19.86512,14.15343,12.12794
SBG,-1.2609378608926989,-1.067600824009456,22.55025,79.57373,27.36003
SBG,-0.41626447859229965,-0.17697575847440533,25.38798,38.49546,32.2515
AGN,0.410797961535653,0.5054637823118779,30.61674,20.3026,33.65672
SBG,-2.473610534974319,-0.39789314311126966,2.166738,25.7088,17.26947
SBG,-0.671993232161841,-1.0132920813400426,15.3986,30.15256,10.94604
SBG,-0.21026735880898315,0.13079707593872586,36.29035,44.78258,51.04034
SBG,-1.141440391350925,-0.8837639707949855,10.19978,31.93832,13.1977
AGN,0.8017606006540775,1.3486746944945014,46.45625,20.83742,80.27234
SBG,-1.2554869978278598,-0.9823319197795148,7.783463,27.31643,10.22828
SBG,-1.3333728454046507,-0.7342459093420473,35.46533,134.549,64.56565
SBG,0.08106170495896169,-0.39335016643566645,62.20473,57.36127,38.70695
SBG,-0.003060575184278731,-0.4419555082450546,44.34529,44.48122,28.59156
SBG,-0.1041386806350766,-0.473912499492203,34.24894,38.00791,23.66227
SBG,0.1908683225527938,-1.0215872139841446,18.19691,15.03504,5.412961
SBG,0.07459069080073881,0.4234813957871446,33.94897,31.50883,48.12247
AGN,0.36532561344729514,0.2553241462958614,13.01168,9.029724,11.65629
AGN,0.9307762918251133,0.7901164143088614,47.54036,18.74267,41.30234
SBG,-0.8670645829982341,-0.9159589474454305,16.89143,40.20016,16.0854
SBG,0.048739805697125695,-0.3880117651108616,15.36942,14.63828,9.930673
SBG,-0.20387365251078907,-0.8329645415105594,17.67349,21.67023,9.421317
SBG,0.3087093402249329,-0.41275255492561597,25.81668,18.95962,12.54797
SBG,0.1921253856604316,-0.7139550855890808,40.85188,33.71111,16.50845
SBG,0.2374226343599957,0.03180893400556295,13.47176,10.62461,10.968
