classification,plate,fiberid,mjd,z,zwarning,nii_6584_flux,nii_6584_flux_err,h_beta_flux,h_beta_flux_err,h_alpha_flux,h_alpha_flux_err,oii_3729_flux,oii_3729_flux_err,oii_3726_flux,oii_3726_flux_err,oiii_4959_flux,oiii_4959_flux_err,oiii_5007_flux,oiii_5007_flux_err,one_input
AGN,767,114,52252,0.03330208,0,278.8205,4.790132,21.56417,2.499446,241.6965,4.446105,61.56016,7.658074,29.4736,7.630154,5.750901,2.924069,19.42602,2.975516,1
SBG,2016,351,53799,0.1171409,0,305.5891,7.099452,35.16254,4.171913,353.7188,7.893921,39.60972,9.541143,101.8011,9.786661,12.85897,5.013813,38.75089,5.077233,1
AGN,1343,630,52790,0.101555,0,272.5492,4.96903,16.21674,3.050554,301.382,5.152016,91.3547,7.530999,63.3793,7.306948,9.684097,5.154904,36.56406,3.191606,1
SBG,933,224,52642,0.165824,0,285.7693,4.31495,46.32966,2.85026,474.3243,5.998268,51.25428,4.281124,43.16592,4.208029,5.989136,2.841516,31.24811,3.203267,1
AGN,2275,472,53709,0.03753406,0,419.5824,3.51705,549.6396,5.023924,15422.57,1851.473,594.9246,8.901861,666.4535,9.224085,364.9956,4.166092,6069.284,839.922,1
SBG,808,130,52556,0.3542298,0,33.76758,5.953937,7.048545,0.9890496,72.21035,9.1372,3.895208,2.232815,5.403121,2.227761,0.5933662,1.152623,4.323206,1.239005,1
SBG,269,279,51910,0.04447528,0,158.629,3.799889,21.297,2.540595,222.6054,4.035725,0,-0.736172,0,-0.736172,6.167488,2.727142,12.71092,2.768859,1
SBG,1599,363,53089,0.1115605,0,124.7058,4.273452,15.66308,2.7727,160.7957,4.445335,16.62615,4.762147,17.1477,5.040537,5.615839,2.984034,12.68029,2.945873,1
AGN,1693,97,53446,0.06222546,0,214.5043,4.72256,15.48378,3.012884,190.2212,4.907358,66.38829,9.674209,65.37958,9.491421,11.76719,3.342731,29.87294,3.426525,1
SBG,433,98,51873,0.1134417,0,70.16039,3.154734,12.60961,2.424389,130.3782,3.759917,25.71842,5.013921,9.527057,4.911363,5.997283,2.773641,13.36567,4.618814,1
AGN,1575,107,53493,0.06844494,0,188.3992,4.483936,17.77436,3.192904,178.7965,4.773438,41.2194,8.595261,10.59379,8.680282,15.17911,3.477063,32.98199,3.583444,1
SBG,744,184,52251,0.03981252,0,338.9288,8.508451,45.00267,4.923592,451.9799,9.585347,46.41539,13.42943,73.89171,13.54873,14.02593,5.308156,36.78218,5.364644,1
AGN,2361,467,53762,0.1635934,0,185.1781,4.311259,14.6255,2.916506,169.2924,5.529464,32.24554,4.395032,29.2213,4.475378,-0.9575225,3.0584,33.85859,3.216029,1
SBG,1831,374,54557,0.0457555,0,251.0262,4.258892,59.35776,3.075276,629.3993,7.036069,54.02641,6.074831,69.46999,6.116244,7.667772,2.62564,19.62427,2.782463,1
SBG,671,197,52206,0.271421,0,18.08531,1.974479,8.549641,0.9519188,95.91388,18.753,12.43185,1.936855,5.097695,1.870459,10.58218,5.381996,5.826846,1.355646,1
SBG,272,256,51941,0.1693897,0,202.9371,3.891202,39.21459,3.761086,398.5433,5.121439,26.71685,5.631447,25.44993,5.690034,6.993255,3.433238,26.06728,3.670741,1
SBG,1788,423,54468,0.07100993,0,679.6844,6.232337,84.35647,3.028931,921.5165,8.931745,66.76821,6.156632,60.71437,6.088465,19.97175,3.174523,65.06718,3.340301,1
SBG,2960,80,54561,0.1088564,0,1221104000,219620400,5397477000,509322600,56082390000,9213865000,0,-1069002000,0,-1069002000,6064421000,638972700,14333210000,1001417000,1
SBG,525,635,52295,0.0475678,0,412.843,6.465961,42.18907,3.284845,451.2279,7.119634,49.36193,6.964542,32.61141,7.055606,10.21448,3.362742,22.01981,3.413666,1
SBG,1177,276,52824,0.08752164,0,130.8718,2.742243,12.48933,2.173514,153.3071,2.994608,7.889889,4.160464,7.620573,4.049407,-1.051764,1.999278,2.048406,2.03888,1
SBG,1947,262,53431,0.08758677,0,174.4586,3.685939,14.71776,2.680201,194.894,3.824549,26.63906,6.237675,17.27758,6.283231,6.926024,3.000093,10.9004,3.126997,1
AGN,309,384,51994,0.3346041,0,85.61266,5.247394,10.46643,1.665088,105.7665,16.3099,38.08307,3.335479,23.98176,3.148801,20.29947,1.702674,50.12996,1.889946,1
SBG,1746,194,53062,0.0762822,0,258.2155,4.342795,28.36985,2.970899,346.4362,5.027868,43.66607,7.162331,13.57881,7.022832,-1.646101,2.889058,25.37002,3.092567,1
SBG,534,344,51997,0.05200284,0,44.03344,2.191396,9.889343,1.71058,103.5519,2.614836,10.88132,3.279728,7.764246,3.236934,3.224804,1.959086,5.160632,1.804976,1
SBG,412,338,52258,0.2125439,0,178.5485,5.565371,29.24285,5.748058,304.1141,6.45614,16.43617,7.239897,68.97153,7.271933,8.298368,3.222356,32.63712,3.053673,1
SBG,603,55,52056,0.009519197,0,1146.158,12.38887,70.22903,4.550086,1371.672,14.65656,0,-0.7315813,0,-0.7315813,14.05649,4.630993,59.13827,4.978211,1
SBG,1879,411,54478,0.0007008419,0,17620.34,109.3207,2252.112,25.33994,33024.26,468.1544,0,-0.758413,0,-0.758413,275.8305,12.1951,780.1848,16.53868,1
AGN,1579,18,53473,0.1771355,0,387.1739,10.72925,27.83117,5.193339,346.6914,12.49835,92.3697,14.23561,79.40627,13.5376,63.76973,6.765666,216.8034,9.44676,1
SBG,286,27,51999,0.03486705,0,270.8336,9.257136,54.41446,6.30436,555.6547,11.11659,70.91062,10.8489,29.57531,11.24394,24.57205,6.546224,41.95224,6.525334,1
SBG,1634,320,53299,0.345246,0,27.17761,3.27907,11.35064,1.210803,118.8577,20.15804,5.661312,2.431731,18.0145,2.520032,2.871577,1.105508,6.3444,1.098984,1
AGN,2285,108,53700,0.1165873,0,175.2587,3.72871,16.35412,2.902294,188.724,4.362185,23.08371,5.647388,26.62707,5.631074,32.27132,2.949886,112.5857,3.566401,1
SBG,2141,472,53764,0.1260788,0,85.6152,2.337514,8.572111,1.613472,97.36565,2.401497,15.6352,2.523499,12.72847,2.45818,3.234894,1.861972,3.358645,1.788967,1
SBG,1408,119,52822,0.1326439,0,157.0611,4.769422,23.20755,3.623521,260.4392,5.801888,19.92875,7.112251,32.85004,7.161689,3.765745,3.951487,16.93034,4.021432,1
SBG,2483,63,53852,0.06201394,0,111.2468,3.396769,20.78731,2.467698,210.4587,4.096494,33.62796,6.251011,7.685036,6.09928,4.778887,2.530645,13.08715,2.798372,1
SBG,606,1,52365,0.2227208,0,77.85923,3.465513,14.06398,2.400089,154.0322,4.887139,15.92815,2.624863,4.975433,2.392972,9.726164,2.000227,19.59798,1.971189,1
SBG,2275,349,53709,0.03626165,0,1157.015,8.120209,1289.027,10.29816,13482.17,588.0063,1750.876,19.03558,1677.05,18.31368,617.5244,7.276678,1868.851,14.24721,1
AGN,2746,99,54232,0.2645458,0,197.3368,6.648318,23.20257,3.703487,251.9031,11.78946,30.20787,6.21619,33.66022,6.294027,18.39647,2.983658,48.23737,2.844429,1
AGN,1864,581,53313,0.07001884,0,291.0345,4.725135,25.63345,3.309768,310.4954,4.79727,55.67214,8.765693,29.47503,8.514405,23.56327,3.682041,58.67827,3.85064,1
SBG,915,423,52443,0.1447103,0,200.6634,4.554822,20.34086,3.441679,208.94,4.436717,79.40424,8.878983,-11.40803,9.07499,14.03106,3.955003,19.59418,4.056978,1
SBG,1970,89,53386,0.2065804,0,95.83994,4.312345,36.74401,3.578556,417.9505,70.38342,54.59203,5.545572,20.1506,5.335635,3.858585,2.830339,25.70537,2.949713,1
AGN,449,432,51900,0.1459628,0,116.2937,3.51542,15.79477,2.948136,172.1906,4.544461,22.11801,3.686741,11.44496,3.593575,9.629838,3.009424,32.88094,2.976415,1
SBG,791,344,52435,0.06876346,0,108.0384,3.094192,17.76821,2.889377,179.8081,3.779322,15.2607,5.716789,20.83754,6.174591,0.7303538,2.72887,13.33144,2.802834,1
SBG,1006,2,52708,0.06489746,0,807.1158,7.963477,80.32035,4.151085,876.0564,9.020413,60.59781,11.38445,101.2329,12.18661,24.27444,4.269462,61.46682,4.540387,1
SBG,1872,614,53386,0.1134044,0,122.582,3.328731,15.4679,2.26821,156.6932,3.60918,10.07764,4.268535,18.0705,4.246602,1.521043,2.515316,17.92025,3.360297,1
SBG,506,131,52022,0.1011238,0,191.0916,4.634331,25.2634,2.852506,326.8794,4.922868,22.79179,6.138486,37.66001,6.097207,4.096327,3.66892,26.74738,3.08772,1
SBG,722,399,52224,0.05837418,0,139.5695,2.728458,21.50816,2.144746,285.1182,3.866727,36.83075,4.727238,13.30833,4.729682,5.709657,2.121179,11.65946,2.168609,1
AGN,1200,24,52668,0.008841419,0,722.4324,7.194627,56.09912,3.188656,812.1915,8.037034,0,-0.8204454,0,-0.8204454,31.09694,3.448238,84.19243,3.63537,1
SBG,2275,484,53709,0.01914381,0,474.2598,4.153704,2065.378,33.08986,204203,30287.76,0,-0.8890643,0,-0.8890643,1685.357,12.24123,4923.3,31.60175,1
AGN,2163,58,53823,0.01839796,0,1779.637,18.0795,77.63196,5.416855,1257.746,19.36359,0,-0.8081567,0,-0.8081567,36.43105,5.710546,181.0421,6.445644,1
SBG,969,224,52442,0.06512441,0,63.97536,2.12156,12.27252,1.928987,134.7766,2.536644,12.99467,3.97804,11.53381,3.43016,3.783125,1.939751,11.24848,2.062597,1
SBG,1171,272,52753,0.1824979,0,186.8978,5.93543,19.92979,3.65426,214.7056,7.243669,44.73069,6.848669,22.9776,6.859166,6.647418,3.960959,11.33173,3.467207,1
SBG,1065,32,52586,0.3590329,0,55.96865,26.54673,30.84416,5.904077,664.2717,107.1991,8.498122,9.970427,43.86828,9.710442,2.368098,5.29246,44.33995,6.723456,1
SBG,2518,620,54243,0.1008172,0,295.3354,5.129735,36.83258,2.736582,473.7861,6.007026,38.99604,4.406253,38.90531,4.368179,9.884925,3.184839,20.2576,3.008806,1
AGN,490,155,51929,0.07758131,0,286.3797,4.056867,26.6233,2.191223,279.9225,4.188179,63.58136,5.027912,23.4437,4.899238,11.28231,2.376867,30.80742,2.439539,1
SBG,756,280,52577,0.1573861,0,206.1802,6.702442,24.74955,3.498057,252.5954,7.234283,30.89235,7.49122,24.21485,7.167274,12.03783,4.105994,25.02516,4.624276,1
SBG,2349,218,53734,0.06406213,0,73.05473,2.696619,14.40638,1.98131,161.7872,3.276396,10.59634,3.805533,1.899586,3.790808,-0.2421958,2.011286,5.321301,2.081765,1
SBG,1705,253,53848,0.09624047,0,259.1743,4.868712,30.96196,3.228011,315.1443,5.413697,45.69702,5.959001,50.1059,6.258138,15.38197,3.468826,32.12936,3.670675,1
SBG,349,399,51699,0.3615204,0,8.117691,2.694558,7.292754,0.910643,75.12446,3.947891,7.92635,1.412384,2.379612,1.359131,1.929999,0.7638471,5.017498,0.8767132,1
AGN,978,583,52441,0.2478444,0,337.7395,12.04387,19.99877,3.424577,219.1738,13.53162,67.18021,16.32583,86.06137,15.61121,4.515846,3.948223,47.31135,3.814537,1
SBG,2795,589,54563,0.2569929,0,59.37738,3.275947,11.15065,1.703433,120.4203,3.126752,14.74492,2.400014,10.82649,2.381013,4.090471,1.776667,10.29055,1.591943,1
SBG,2023,51,53851,0.02305789,0,1360.322,11.44047,222.1076,5.602025,2236.031,18.23826,0,-0.7629776,0,-0.7629776,38.21496,4.671443,151.1361,5.587503,1
SBG,646,147,52523,0.1756193,0,85.06006,2.208939,50.54839,2.292871,569.1434,87.93262,27.71872,2.76629,29.55208,2.874356,7.206426,2.183917,14.73121,2.521999,1
SBG,599,294,52317,0.1339355,0,166.8534,4.105132,19.31412,2.852758,216.3112,4.474248,41.78893,4.870838,9.986031,4.795218,7.947522,3.205238,14.41206,3.402117,1
SBG,283,322,51959,0.07695858,0,231.7308,4.733029,32.60326,3.119504,388.4686,5.7934,27.20923,6.747962,18.23413,6.728556,4.272918,3.051128,12.99289,3.148672,1
SBG,1754,264,53385,0.1163609,0,130.2323,4.69359,16.85096,2.415699,176.0625,4.949382,31.18923,4.559205,6.769581,4.37177,6.238118,2.467209,12.82278,2.608826,1
SBG,2764,521,54535,0.1032805,0,541.1053,6.812222,65.1987,3.021248,652.6014,7.976494,72.00927,6.005024,52.8908,6.013528,19.5113,3.157377,56.33809,3.360894,1
SBG,1815,152,53884,0.08901037,0,121.0353,4.177317,20.03181,3.369605,206.7112,4.96588,49.48843,6.658809,-4.274896,6.228998,6.959166,3.237536,13.80859,3.483674,1
SBG,1839,264,53471,0.03526083,0,842.2194,9.413368,116.8536,4.143806,1349.253,12.93396,72.51467,10.59522,57.98211,10.65821,6.274489,3.812872,40.63727,4.016312,1
SBG,2651,126,54507,0.04588925,0,286.6224,6.977634,31.76184,4.465855,319.7136,7.579971,47.16582,12.58297,68.67587,12.59188,19.73871,4.939257,32.78878,4.984513,1
SBG,713,523,52178,0.04784027,0,256.1704,4.313074,41.86589,2.924171,454.2248,5.657104,33.61934,9.027018,70.52354,8.879542,22.51204,2.909449,72.34504,3.386838,1
SBG,1627,561,53473,0.1188212,0,226.5849,4.932983,33.08862,2.880734,369.5986,6.060093,26.93175,5.491549,34.95922,5.584228,9.753801,2.940733,17.15096,3.028108,1
SBG,620,575,52375,0.1026759,0,147.1996,3.978927,18.2815,2.923351,194.8537,5.26337,29.90062,5.060409,14.9692,5.141744,4.751254,2.787287,17.27674,2.904322,1
SBG,2110,173,53467,0.1590137,0,93.57867,4.347325,16.24867,2.527212,182.2164,6.888526,8.355171,4.010669,21.80423,4.031619,7.207828,2.665784,13.23579,3.024768,1
AGN,2533,20,54585,0.2340679,0,138.3573,3.183408,12.76011,2.114856,144.7331,3.305499,20.13329,3.320059,21.17388,3.366683,0.9369726,1.833338,13.3616,2.104584,1
SBG,1737,252,53055,0.1198503,0,141.6024,5.356669,19.28551,3.464271,230.4203,7.407335,8.243104,6.113654,30.25916,6.224291,5.635904,3.485024,22.64092,3.611479,1
SBG,2609,301,54476,0.1678778,0,218.2383,3.375021,29.95193,2.70958,369.2225,4.408985,50.09777,5.498957,77.43586,5.025222,16.73142,2.673469,37.70554,2.809064,1
SBG,280,252,51612,0.07372136,0,93.69337,2.988453,15.22116,2.297647,168.2704,3.559281,3.353483,4.024023,25.14282,3.961903,5.673451,2.441556,17.19286,2.550443,1
SBG,2654,51,54231,0.04974754,0,119.4909,3.66948,18.26722,2.501196,217.5503,4.457583,9.297065,6.633521,24.15774,6.684235,0.3536653,2.495707,8.269848,2.590358,1
AGN,1820,88,54208,0.05309332,0,248.1594,4.276115,13.95463,2.214092,151.2483,3.94317,-0.6289184,9.174938,21.44423,9.976894,17.24271,2.631337,49.99461,2.924826,1
SBG,1300,508,52973,0.06387475,0,318.2511,4.365511,27.49252,2.599252,435.0874,5.371321,18.45317,4.394199,23.27784,4.424176,4.156413,2.598057,26.04684,2.899796,1
SBG,2139,351,53878,0.1298735,0,70.4053,2.958905,13.03559,2.456224,133.2384,3.270092,23.77577,4.074317,12.96064,4.070034,7.165664,2.458908,9.899026,2.55794,1
SBG,301,91,51942,0.1063117,0,131.3685,4.546105,21.98931,2.384295,225.1844,3.757578,19.39866,4.772176,14.57051,4.622288,7.204315,2.403639,18.4718,2.508632,1
SBG,2297,283,53738,0.1627362,0,54.8404,3.418964,16.07402,2.345543,163.1211,5.161557,11.0139,3.191258,4.77622,2.977899,0.488632,2.603364,5.044962,2.616811,1
SBG,2125,297,53795,0.1172307,0,246.6277,4.387228,37.79837,3.004606,379.2017,6.298051,32.01362,5.661829,21.33455,5.505361,11.29351,2.867886,19.77307,2.995727,1
SBG,1019,261,52707,0.008177739,0,16486.71,105.3869,8340.336,76.26853,164078.1,11730.39,0,-0.8677735,0,-0.8677735,2265.867,39.68792,6863.945,70.69194,1
SBG,859,600,52317,0.0780323,0,249.2848,3.918852,23.92271,2.729911,251.8323,4.234592,19.90911,5.553609,21.53209,5.369237,5.260998,2.946217,14.8912,2.978277,1
AGN,2597,442,54231,0.003003062,0,1455.02,21.16237,76.51117,6.386838,1010.377,18.33182,0,-0.7320216,0,-0.7320216,113.7499,9.048084,295.3256,10.39771,1
SBG,1556,13,53740,0.1745997,0,39.04755,1.753011,11.3136,1.842109,113.282,4.32095,10.78285,2.432884,16.09554,2.550919,2.675262,2.239976,11.90829,2.098809,1
AGN,893,6,52589,0.1650247,0,203.6407,4.741178,19.25908,2.921396,201.541,5.082927,49.76725,5.100693,2.625362,4.812797,-2.150855,3.213932,20.3906,3.562133,1
SBG,728,71,52520,0.04665691,0,148.3933,3.492053,16.34222,2.69024,175.6354,4.221559,-7.465721,6.44408,11.95743,6.762363,0.3638549,2.566528,3.762913,2.602035,1
AGN,883,75,52430,0.05702923,0,946.6678,13.96683,56.90227,7.006011,572.3018,14.91785,96.37612,17.94287,336.4706,17.88246,38.50309,7.128652,128.6012,7.61803,1
AGN,1847,192,54176,0.07344827,0,192.6998,5.066791,16.11773,2.966092,228.4629,5.527992,25.53571,7.582129,30.96259,7.78662,5.053804,3.194031,25.15416,3.370515,1
SBG,882,589,52370,0.06315915,0,568.2493,6.252295,83.10341,3.066301,832.7147,8.772003,66.32796,5.470592,69.20274,5.403584,25.56385,3.270986,68.87142,3.560325,1
AGN,2017,2,53474,0.09926645,0,529.7087,11.89886,63.76698,8.751252,641.3117,14.30372,126.0808,13.00214,173.169,13.296,52.61229,6.73063,169.1779,7.336672,1
SBG,2035,251,53436,0.1526686,0,129.4313,9.960434,42.03484,2.789276,427.1484,58.8157,26.21103,3.920097,24.22741,3.928371,4.884665,2.664798,18.44106,3.158289,1
AGN,2884,440,54526,0.05504708,0,689.6659,10.0362,37.43126,4.151106,514.2588,9.696898,87.50369,8.191687,80.90411,8.286612,30.94136,5.0699,83.55623,5.32382,1
SBG,674,350,52201,0.1306821,0,180.0754,3.663958,22.30707,2.652433,231.711,3.95083,24.71005,4.083565,3.647267,3.846108,3.622196,2.653094,13.22283,2.749393,1
SBG,1924,250,53330,0.1244886,0,321.1224,4.308164,269.8918,4.409627,3623.752,669.4268,236.7959,6.394338,218.7217,6.268974,31.45184,16.93876,179.7431,3.978029,1
SBG,1358,7,52994,0.06381465,0,193.3537,3.749121,17.10256,2.142676,277.0282,4.434088,4.029325,4.24554,12.83392,4.42583,6.92985,2.463134,7.019761,2.435125,1
SBG,297,343,51959,0.01842461,0,1226.406,15.3072,135.9731,6.041052,1465.977,17.42972,0,-0.8399004,0,-0.8399004,48.00372,6.181853,144.1201,7.168422,1
AGN,450,522,51908,0.1447751,0,196.5312,3.01043,13.87319,2.349983,165.3728,3.143878,51.51871,4.492857,31.08626,4.471889,31.92612,2.718146,108.9367,3.023962,1
SBG,2121,42,54180,0.0252461,0,1192.35,11.29363,176.6336,4.789598,1830.461,16.15401,52.88446,12.27832,89.46934,21.39617,26.76053,4.13523,94.50802,4.633356,1
SBG,484,413,51907,0.1353533,0,124.0307,4.065486,17.60592,2.933903,181.147,3.733352,14.172,5.487361,20.91619,5.365299,2.107413,2.832039,11.138,3.457733,1
SBG,669,307,52559,0.3712655,0,56.02686,6.095729,10.26039,1.787541,141.2399,8.994951,12.99688,4.268489,13.63166,4.259965,2.392159,1.507774,12.32574,2.649761,1
SBG,739,186,52520,0.06272379,0,296.6177,4.877409,47.77025,3.106365,492.8199,6.275039,68.68811,7.668939,10.59278,8.627228,16.33309,3.382737,30.24186,3.549721,1
SBG,2760,151,54506,0.09443138,0,124.3554,2.906118,13.14633,2.072821,150.1022,3.115803,18.43899,5.227704,14.74856,5.293701,3.11454,2.254542,11.00545,2.366254,1
SBG,1269,368,52937,0.2869157,0,92.93718,8.247956,18.32389,3.156729,189.3688,10.79699,24.02368,5.633382,13.61021,5.467824,5.198426,2.370023,16.11032,2.269399,1
SBG,1875,323,54453,0.03860724,0,113.725,3.949086,20.80641,4.085865,209.9367,4.439818,24.72858,13.26136,40.67757,13.02354,8.015426,4.027045,24.79607,3.972782,1
AGN,1556,260,53740,0.1068594,0,143.0202,2.703019,10.1602,1.761289,104.7562,2.251866,7.925836,3.522017,19.14905,3.598014,10.95864,1.919692,29.07904,2.190305,1
SBG,767,305,52252,0.06690872,0,68.86478,2.501005,9.854728,1.94749,137.564,3.163191,33.98752,4.757159,40.69149,4.753601,3.767727,2.065985,14.10443,2.246156,1
SBG,997,68,52734,0.073213,0,460.8902,8.961295,50.91853,4.862622,512.1575,9.249936,43.66186,10.92554,77.8386,10.84102,17.19485,5.559613,53.09262,5.798069,1
SBG,1859,76,53177,0.1604249,0,54.79669,2.89559,12.32129,2.233844,126.4859,4.335854,10.51899,4.098467,13.68085,3.966486,3.323398,2.454258,8.011651,2.708972,1
SBG,1305,330,52757,0.1065982,0,124.5329,4.668389,19.46828,3.317687,237.5748,5.207807,21.89991,5.766396,28.60631,5.766486,7.175732,3.302878,15.77174,3.426349,1
AGN,698,308,52203,0.08382383,0,350.9912,4.647208,26.16934,2.721846,369.427,5.083967,15.13505,5.948381,13.13535,5.846426,8.910133,2.660948,28.77113,2.880898,1
SBG,1576,233,53496,0.07424611,0,187.1374,3.785786,23.88399,2.580182,256.7267,4.414316,14.77089,5.359148,26.0139,5.318178,9.581884,2.603694,15.12526,2.662017,1
SBG,586,321,52023,0.0876407,0,362.7784,4.624422,63.07832,2.907393,644.4855,6.475851,50.28304,5.532008,39.11581,5.43617,24.48192,2.843785,58.24489,3.107138,1
SBG,1372,197,53062,0.1266404,0,124.2702,4.062316,15.19091,2.98812,167.7756,4.976266,15.59838,4.486673,18.21189,4.599935,2.79468,3.210302,11.45808,3.11872,1
SBG,1051,152,52468,0.0611949,0,77.50794,3.645457,15.57077,2.848614,170.3857,4.38858,1.555488,5.716958,9.028142,5.772933,7.108873,2.740639,11.79576,2.828723,1
SBG,1434,52,53053,0.09207767,0,350.4651,4.298481,46.95291,3.02034,482.577,5.272648,61.07071,6.568407,32.58918,6.494057,15.71354,2.991204,57.70082,3.483903,1
AGN,1943,331,53386,0.1131284,0,330.9908,4.89606,21.50594,2.718207,253.2429,5.183602,48.13859,6.162503,69.37425,6.259494,7.691958,2.772458,46.60999,3.78185,1
SBG,761,526,54524,0.1360129,0,246.9206,3.599962,38.4168,2.193986,415.6072,4.498219,34.17391,3.677049,49.12487,3.814727,12.17845,2.110321,30.35016,2.778428,1
AGN,1400,125,53470,0.05761975,0,427.833,4.857574,44.68433,2.78697,465.7853,5.394639,45.22685,6.21821,33.05698,5.996387,17.34679,3.041442,55.63598,3.206604,1
AGN,2570,298,54081,0.1177513,0,236.2164,4.147603,21.11319,2.913816,240.6526,4.763107,67.03746,7.948081,33.14558,7.642982,11.82302,3.259399,47.07645,3.275495,1
SBG,2420,157,54086,0.1001944,0,39.06207,4.384495,8.212365,1.476752,96.99937,1.901704,8.998493,2.656721,5.159906,2.718926,-0.2749076,1.407987,2.908383,1.416832,1
AGN,776,633,52319,0.1562403,0,435.1895,11.01183,45.67687,7.012038,641.841,13.14846,32.72359,10.48773,137.3951,10.67386,120.9519,6.625692,369.0732,8.542867,1
SBG,483,143,51924,0.08527225,0,142.8848,4.716466,31.37209,3.28456,320.319,5.872143,11.12288,7.96463,37.57319,7.577333,10.46159,3.383135,17.50883,3.382069,1
SBG,727,2,52207,0.1754174,0,52.54585,3.575179,20.49483,3.363243,255.1355,30.62844,5.37422,5.480162,11.4082,5.974912,6.6104,4.4478,2.294868,5.047808,1
SBG,1865,638,53312,0.06841437,0,100.5452,2.982547,12.90144,2.357566,148.875,3.535539,24.03028,5.013916,27.65367,5.432201,4.841871,2.439221,6.215332,2.50474,1
SBG,1723,58,53905,0.05429473,0,148.6588,3.983511,24.57549,3.151552,248.2952,4.871817,17.50164,8.222845,34.47139,8.677403,8.204854,3.162612,29.60764,3.415898,1
SBG,2592,364,54178,0.1006333,0,104.4657,3.661875,16.14477,2.531633,183.2491,3.682238,16.32351,4.172852,27.69852,4.192657,5.580681,2.861954,14.34213,2.671196,1
AGN,2418,116,53794,0.03474463,0,589.8936,7.623577,41.7731,3.257774,521.4524,7.997778,39.32443,10.39829,57.12754,10.68723,53.40122,3.887604,165.9204,4.529951,1
AGN,486,231,51910,0.03938571,0,2386.69,14.4588,169.884,4.918615,1990.729,14.72696,123.5836,14.11223,175.2722,14.24378,63.72744,5.053258,226.8898,5.852939,1
SBG,2196,478,53534,0.04346136,0,353.3061,8.059059,27.98752,3.935982,391.719,7.924871,38.52076,7.457105,45.63221,7.612056,21.09699,4.305798,28.19438,4.45745,1
SBG,1813,515,53903,0.03405247,0,608.1939,7.477445,71.20376,3.332458,782.3171,8.705735,40.53474,6.033217,53.86485,6.213367,16.05078,3.542162,37.00143,3.650901,1
AGN,1948,406,53388,0.1006064,0,334.3029,4.887363,21.75725,2.505435,218.1286,4.020141,61.29658,5.616806,55.59793,5.498003,13.45196,2.899183,39.17551,2.893682,1
SBG,574,275,52355,0.1483982,0,296.2714,3.854605,64.29552,3.669543,643.2389,5.898631,33.93477,4.530574,79.17458,4.764032,13.03723,2.833359,48.9543,2.86482,1
SBG,1811,16,53533,0.1408546,0,127.917,3.81306,16.85415,3.339929,216.1947,4.666712,43.27304,6.882659,23.88853,6.817147,-2.210933,3.223506,9.365255,3.372984,1
SBG,851,456,52376,0.1352257,0,205.6923,4.440039,25.1868,2.884511,256.6406,4.595262,33.01063,4.369327,38.49025,4.29449,5.412974,3.172264,16.38929,3.540346,1
AGN,2758,551,54523,0.07800347,0,234.6593,3.710487,16.80149,2.800516,181.7396,3.605705,64.79034,5.698751,58.70935,5.485015,8.242137,3.02584,31.54641,3.116965,1
SBG,2274,364,53726,0.09160618,0,317.5376,3.312216,44.5106,2.32579,479.9265,4.13362,34.68467,4.43882,36.12391,4.447652,10.09983,2.353815,26.39867,2.642726,1
SBG,1989,140,53772,0.08536381,0,198.3442,3.862016,27.35638,2.909671,274.9835,4.555588,11.98757,6.554755,33.9875,6.541682,2.615405,2.741711,18.78704,2.894048,1
AGN,1656,485,53533,0.1754296,0,132.1526,7.099853,22.12329,3.936487,242.367,14.16754,9.193316,8.132367,32.95074,8.38964,23.37359,5.400233,69.12602,5.885024,1
SBG,400,366,51820,0.07960193,0,220.9405,4.256491,24.82089,3.072977,261.4767,4.718769,14.03242,6.003881,18.31434,6.323816,7.828336,3.237245,8.06674,3.250629,1
SBG,1994,345,53845,0.130492,0,91.3699,2.9442,15.20256,2.416394,153.2352,3.194974,7.952548,3.911881,12.63591,3.543229,2.280626,2.384965,4.374231,2.516917,1
SBG,1156,121,52641,0.1369437,0,10.56774,3.463776,13.41567,2.057531,180.7675,4.234415,18.35678,5.18897,19.44532,5.24993,2.007915,2.349717,21.57071,3.669126,1
SBG,296,319,51984,0.03347733,0,376.6184,4.631546,40.49438,3.072611,472.7916,5.362268,31.69977,9.600342,41.51744,9.903879,11.25383,3.049513,19.09305,3.237986,1
AGN,2024,607,53503,0.07684467,0,157.5005,3.07258,11.87474,2.333908,138.8899,3.13278,28.7926,5.791359,18.12459,5.571598,4.181345,2.381828,18.16119,2.470831,1
AGN,1739,77,53050,0.03041632,0,91.91428,2.651707,14.08316,2.790284,157.4961,3.409344,34.85719,7.283716,25.80617,7.175267,27.31502,2.687359,82.32294,3.289908,1
AGN,288,618,52000,0.09861849,0,179.5024,4.834087,14.59263,2.907769,180.5883,4.437369,31.25337,7.192751,-7.80151,7.331061,8.36303,3.313843,31.81257,3.57243,1
SBG,2665,76,54232,0.1076143,0,51.66849,2.754203,11.15787,2.172225,115.3059,5.04457,3.655224,5.25374,20.11199,5.325586,-0.9475074,2.189747,10.66824,2.514,1
SBG,675,517,52590,0.1266642,0,525.9361,4.363842,88.57381,2.701835,904.1039,6.700402,47.33731,4.153119,40.77748,4.137743,7.72143,2.505805,33.96565,2.645682,1
AGN,2202,316,53566,0.3634332,0,71.68934,4.718266,9.245414,1.380004,123.2067,10.51939,11.45687,1.846583,4.304934,1.723836,7.175042,1.254467,28.8772,1.799747,1
AGN,999,476,52636,0.05276103,0,608.8552,11.73704,76.29758,5.639845,792.8019,13.61066,106.4505,13.26609,72.04348,13.29545,43.45433,5.903917,114.6015,6.178582,1
AGN,2119,514,53792,0.06406385,0,191.4122,3.93618,18.2752,2.330016,192.731,4.041344,28.38673,3.898021,30.30909,4.073103,6.852916,2.600637,20.40102,2.713929,1
SBG,1781,309,53297,0.08333812,0,881.2493,7.73945,179.842,4.355724,1813.411,14.04289,168.5241,9.546618,42.47052,8.666245,29.90792,3.591969,111.5768,4.808609,1
SBG,387,46,51791,0.08485557,0,175.794,3.694421,23.47099,3.195434,235.0885,4.186017,11.69655,8.299585,37.23432,7.874058,10.58824,3.296971,18.03224,3.33972,1
SBG,1538,184,52937,0.1009939,0,74.94558,2.936272,9.386575,1.394564,107.1092,2.168728,10.70405,2.423577,4.682723,2.340961,6.093669,2.62031,4.660182,1.441002,1
SBG,2173,536,53874,0.1536274,0,156.1272,4.943226,18.87836,2.457418,206.9937,4.088406,33.64053,4.630308,10.4859,4.783067,8.934188,2.706042,26.95066,2.902048,1
AGN,2574,101,54084,0.06546606,0,311.5943,4.338293,25.53133,2.526547,328.1613,4.623629,62.16269,8.07474,40.93309,7.76938,13.02277,2.746544,31.04713,2.905378,1
SBG,1753,252,53383,0.002754746,0,127.0368,2.213807,17.44473,1.564056,234.6638,2.834483,0,-0.5079632,0,-0.5079632,2.386079,1.56813,7.660869,1.474844,1
SBG,939,225,52636,0.02782699,0,626.03,6.251127,57.87104,2.881205,618.1323,6.607774,77.12749,8.031549,66.09684,8.244592,15.27578,2.898552,40.05906,3.055629,1
SBG,2295,621,53734,0.1071873,0,128.3331,4.043077,16.01551,2.564898,188.0425,4.46956,34.69798,4.8093,14.0047,4.649593,2.803016,2.709655,16.28243,2.866055,1
AGN,346,623,51693,0.08448629,0,241.6498,3.476565,20.88672,2.508904,223.623,3.361109,52.08454,7.393874,17.35786,6.870446,16.11801,3.008211,52.8728,3.06241,1
SBG,2794,158,54537,0.08598077,0,70.28166,2.325141,11.51039,1.861301,115.3851,2.642457,14.73509,3.802771,8.683799,3.983298,2.273586,2.016789,7.602014,1.99665,1
SBG,879,486,52365,0.04738396,0,68.16013,2.205946,10.98415,2.167132,120.1274,2.66562,14.80776,3.935416,2.823333,3.899066,3.081995,2.015533,13.76651,2.092913,1
SBG,2232,129,53827,0.0613012,0,629.786,5.990822,112.6108,3.184824,1173.393,11.07571,40.18463,5.587309,61.80074,5.612035,10.5637,2.313771,39.2832,2.574799,1
SBG,367,12,51997,0.1156163,0,80.3414,2.972676,14.15343,1.840013,150.0449,3.447182,19.86512,3.870252,12.87849,3.813042,4.460108,1.850289,12.12794,2.059604,1
SBG,2590,404,54175,0.04640438,0,525.6774,5.441932,79.57373,2.806943,864.4581,8.955694,22.55025,4.226078,42.96786,4.36665,4.693257,2.278416,27.36003,2.54246,1
SBG,1269,606,52937,0.07949325,0,299.1263,3.970404,38.49546,2.524691,385.9838,4.735821,25.38798,5.216051,26.61209,5.022441,2.307634,2.68585,32.2515,2.800119,1
AGN,2663,596,54234,0.1456286,0,345.7007,4.910211,20.3026,2.426342,242.6291,4.72249,30.61674,6.21447,66.70404,6.475347,8.12181,3.560201,33.65672,3.459988,1
SBG,716,221,52203,0.07294288,0,151.7452,4.103453,25.7088,2.762439,279.736,5.009529,2.166738,6.083826,37.77921,6.441204,10.1973,3.050015,17.26947,3.075176,1
SBG,2153,430,54212,0.06458873,0,177.026,3.395843,30.15256,2.370669,370.7351,4.761844,15.3986,5.046426,11.90651,4.908988,1.612622,2.355439,10.94604,2.474807,1
SBG,2094,450,53851,0.03610217,0,405.5953,5.200259,44.78258,2.753474,466.1204,5.875202,36.29035,5.152527,28.08046,5.420896,18.73538,2.779099,51.04034,3.066147,1
SBG,2615,399,54483,0.05824823,0,244.5513,3.066798,31.93832,1.94523,320.6465,3.94803,10.19978,3.459543,18.24419,3.525609,3.539222,1.980742,13.1977,2.053859,1
AGN,884,623,52374,0.1191854,0,212.3483,6.03619,20.83742,3.879641,212.7471,6.8214,46.45625,7.778744,21.85563,8.231188,22.79327,3.695535,80.27234,4.166926,1
SBG,1008,354,52707,0.1295149,0,126.3294,3.968951,27.31643,3.126294,275.6508,5.101406,7.783463,5.314041,27.04092,5.437207,8.002154,3.09014,10.22828,3.202668,1
SBG,1438,275,53054,0.02500547,0,872.5649,9.812248,134.549,4.773006,1359.17,13.36449,35.46533,9.978137,100.7756,10.87768,20.47733,4.544426,64.56565,4.745228,1
SBG,1374,103,53083,0.03905982,0,621.4141,6.830449,57.36127,3.447483,623.5309,7.271778,62.20473,10.56348,69.27577,10.49917,12.71345,3.511272,38.70695,3.741902,1
SBG,1426,579,52993,0.05266351,0,283.0043,4.402694,44.48122,2.819804,465.9279,5.933955,44.34529,5.429178,55.78408,5.293406,14.82511,2.761517,28.59156,2.837651,1
SBG,333,401,52313,0.1972694,0,65.71926,4.110087,38.00791,2.352933,427.2742,74.92846,34.24894,3.073784,38.8256,3.172894,10.32173,2.043695,23.66227,1.903273,1
SBG,2218,199,53816,0.1007004,0,97.9903,3.376208,15.03504,1.989443,169.2439,2.758653,18.19691,3.660443,10.34199,3.564117,5.242075,2.218212,5.412961,2.05748,1
SBG,2659,637,54498,0.2712816,0,94.27303,5.496723,31.50883,2.630967,465.765,52.59575,33.94897,3.079858,24.81956,2.88618,13.83879,3.411716,48.12247,3.810374,1
AGN,2659,527,54498,0.1856361,0,81.57254,2.44876,9.029724,1.657926,91.39169,2.411805,13.01168,2.366076,8.681334,2.278289,5.575934,2.059835,11.65629,1.971106,1
AGN,1738,497,53051,0.05444192,0,278.2707,5.744935,18.74267,3.285124,259.9286,6.27675,47.54036,6.4989,55.07669,6.55448,9.466996,3.571951,41.30234,3.797726,1
SBG,835,628,52326,0.1038016,0,242.1248,4.502962,40.20016,3.23567,433.1843,6.07504,16.89143,6.559593,64.32529,6.723031,6.420513,3.25847,16.0854,3.414309,1
SBG,2423,602,54149,0.04399493,0,175.416,3.567305,14.63828,1.86112,241.9314,3.703845,15.36942,5.061763,23.90237,5.317404,2.904642,1.95486,9.930673,2.068141,1
SBG,1243,327,52930,0.1760887,0,43.06234,2.165232,21.67023,2.28885,221.6023,42.07629,17.67349,2.847879,11.29743,2.8077,-1.695192,2.487539,9.421317,6.599401,1
SBG,817,578,52381,0.1467955,0,85.90719,2.546976,18.95962,3.213763,210.9435,3.634772,25.81668,3.923544,26.45021,3.687428,1.507928,2.493658,12.54797,2.147866,1
SBG,1755,163,53386,0.1416982,0,290.0542,6.249825,33.71111,3.979405,386.5762,6.96268,40.85188,5.301661,30.57949,5.218593,11.95873,4.255639,16.50845,4.26696,1
SBG,1716,608,53827,0.1031191,0,68.28017,2.473216,10.62461,1.957726,114.4037,3.607918,13.47176,3.341736,11.84232,3.345544,3.60193,2.032943,10.968,2.071587,1
